k,cohort_size,true_positives_in_top_k,precision_at_k,recall_at_k,lift_at_k,base_positive_rate
100,100,89,0.89,0.046670162558993186,19.619202936549552,0.04536371854036824
250,250,148,0.592,0.07760880964866282,13.05007656004195,0.04536371854036824
500,500,192,0.384,0.10068169900367069,8.464914525432617,0.04536371854036824
1000,1000,254,0.254,0.1331934976402727,5.599188253801783,0.04536371854036824
