{
  "best_model": "lightgbm",
  "selection_metric": "avg_precision",
  "metrics": {
    "logistic_regression": {
      "roc_auc": 0.7587993252355484,
      "avg_precision": 0.09706340951243417,
      "positive_rate_test": 0.04536371854036824,
      "positive_rate_pred": 0.34406965126790046
    },
    "random_forest": {
      "roc_auc": 0.7274636302867417,
      "avg_precision": 0.11268632598598018,
      "positive_rate_test": 0.04536371854036824,
      "positive_rate_pred": 0.3842237975165327
    },
    "xgboost": {
      "roc_auc": 0.6793295938496755,
      "avg_precision": 0.1385662716949699,
      "positive_rate_test": 0.04536371854036824,
      "positive_rate_pred": 0.6137542223702365
    },
    "lightgbm": {
      "roc_auc": 0.7932792129896247,
      "avg_precision": 0.1833891607332753,
      "positive_rate_test": 0.04536371854036824,
      "positive_rate_pred": 0.35641562395927495
    }
  },
  "train_rows": 122863,
  "test_rows": 42038,
  "train_positive_rate": 0.25040085298259035,
  "test_positive_rate": 0.04536371854036824,
  "ranking_k_values": [
    100,
    250,
    500,
    1000
  ],
  "ranking_metrics_output_path": "reports\\phase12_ranking_metrics.csv",
  "threshold_policy_output_path": "reports\\phase12_threshold_policy.csv",
  "weekly_backtest_output_path": "reports/phase12_weekly_backtest.csv",
  "calibration_output_path": "reports\\phase12_calibration_table.csv"
}